Rt,temp_hex,temp_ch,temp_chamber,MV,Heater On
2022-09-22 14:15:36,-116.203125,-176.7734375,-127.8515625,0.0,False
