Rt,temp_ch,temp_hex_f,temp_hex_b,temp_chamber,Heat F,Heat B
2022-10-31 15:15:49,-156.0859375,-115.76358695652175,-94.64178719008265,4.6546875,0,0
