Rt,temp_ch,temp_hex_f,temp_hex_b,temp_chamber,MV1,Heater17 On,MV2,Heater18 On
2022-10-21 15:55:29,-161.6171875,-143.0863196331522,-104.86789772727273,-7.509375,0.0,False,0.0,False
