Rt,temp_ch,temp_hex_f,temp_hex_b,temp_chamber,Heat F,Heat B
07:56:35,19.1875,19.428838315217405,25.736699380165277,19.0140625,0,0
07:56:39,19.223959,19.46684,25.744835,19.063543,0,0
07:56:42,19.210938,19.484573,25.788223,19.123438,0,0
07:56:45,19.263021,19.53524,25.788223,19.115625,0,0
