Rt,temp_ch,temp_hex_f,temp_hex_b,temp_chamber,Heat F,Heat B
2022-10-28 15:33:29,-156.3125,-133.93567425271738,-96.12241735537191,5.834375,0,0
