Rt,temp_ch,temp_hex_f,temp_hex_b,temp_chamber,MV1,Heater17 On,MV2,Heater18 On
2022-10-21 15:11:17,-161.5,-133.14525305706522,-101.67071280991736,-7.7515625,0.0,False,0.0,False
