Rt,temp_ch,temp_hex_f,temp_hex_b,temp_chamber,Heat F,Heat B
2022-10-28 15:45:45,-156.9765625,-132.27882982336956,-98.13184400826447,5.240625,0,0
