Rt,temp_ch,temp_hex_f,temp_hex_b,temp_chamber,Heat F,Heat B
09:44:58,19.2734375,19.482039741847814,25.801782024793397,19.1703125,0,0
09:45:07,17.9765625,18.106402853260875,24.231663223140487,17.85,0,0
