Rt,temp_ch,temp_hex_f,temp_hex_b,temp_chamber,Heat F,Heat B
2022-10-28 15:30:01,-155.9765625,-128.51672894021738,-93.80384814049587,6.3265625,0,0
