Rt,temp_ch,temp_hex_f,temp_hex_b,temp_chamber,Heat F,Heat B
2022-10-28 15:43:11,-156.953125,-130.98679517663044,-98.56301652892562,5.3109375,0,0
