Rt,temp_ch,temp_hex_f,temp_hex_b,temp_chamber,Heat F,Heat B
12:02:01,18.078125,18.097536,18.106401,18.08487,0,0
12:02:04,18.104166,18.125402,18.14187,18.129204,0,0
12:02:07,18.145834,18.146936,18.157072,18.10767,0,0
12:02:10,18.109375,18.173538,18.116537,18.159605,0,0
12:02:13,18.113281,18.14567,18.179873,18.157072,0,0
12:02:16,18.111979,18.187471,18.169737,18.154537,0,0
12:02:19,18.121094,18.19507,18.134272,18.133005,0,0
