Rt,temp_ch,temp_hex_f,temp_hex_b,temp_chamber,Heat F,Heat B
2022-10-28 15:40:30,-156.7890625,-136.70974864130434,-98.78267045454545,5.25625,0,0
