Rt,temp_ch,temp_hex_f,temp_hex_b,temp_chamber,Heat F,Heat B
2022-10-28 16:00:06,-157.453125,-139.7194293478261,-98.88842975206612,4.6390625,0,0
