Rt,temp_ch,temp_hex_f,temp_hex_b,temp_chamber,Heat F,Heat B
2022-10-28 15:41:09,-156.8828125,-133.1908542798913,-98.8152117768595,5.303125,0,0
