Rt,temp_ch,temp_hex_f,temp_hex_b,temp_chamber,MV1,Heater17 On,MV2,Heater18 On
2022-10-21 15:38:20,-159.59375,-88.9652683423913,-95.60989152892562,-4.8375,0.0,False,0.0,False
